Model,MAE,RMSE,R2 Score,Accuracy Percent
Decision Tree,12202.914030071579,75668.96918429558,0.8505736687002676,85.05736687002677
Random Forest,12490.408847983017,91907.43837338817,0.779558771960469,77.9558771960469
