Model,MAE,RMSE,R2 Score
Linear Regression,7930.779492379169,33479.171981431864,0.9859073407805359
Decision Tree,2792.8890977443607,17813.31713530026,0.9960103652937105
Random Forest,2112.38388471178,11197.310402032223,0.9984235835120968
