Model,MAE,RMSE,R2 Score
Linear Regression,8068.3515595767185,34534.08226319014,0.9870642628514056
Decision Tree,3041.123120300752,19543.2134045973,0.9958572636732217
Random Forest,2214.066447368421,12261.753778620707,0.9983692006640913
